{"cameraMode":{"drawMode":0,"name":"Shaded","section":"Shading Mode"},"sceneLighting":true,"audioPlay":false,"sceneViewState":{"m_AlwaysRefresh":false,"showFog":true,"showSkybox":true,"showFlares":true,"showImageEffects":true,"showParticleSystems":true,"showVisualEffectGraphs":true,"m_FxEnabled":true},"in2DMode":false,"pivot":{"x":2.511920928955078,"y":1.1330147981643677,"z":-3.6212477684020998},"rotation":{"x":-0.11546321213245392,"y":0.0393240749835968,"z":-0.004568152129650116,"w":-0.9925448894500732},"size":1.202713966369629,"orthographic":false}