{"cameraMode":{"drawMode":0,"name":"Shaded","section":"Shading Mode"},"sceneLighting":true,"audioPlay":false,"sceneViewState":{"m_AlwaysRefresh":false,"showFog":true,"showSkybox":true,"showFlares":true,"showImageEffects":true,"showParticleSystems":true,"showVisualEffectGraphs":true,"m_FxEnabled":true},"in2DMode":false,"pivot":{"x":-0.2625022232532501,"y":1.5964374542236329,"z":-1.9409425258636475},"rotation":{"x":-0.049790263175964358,"y":-0.00958151277154684,"z":0.0004217005043756217,"w":-0.998766303062439},"size":4.309874534606934,"orthographic":false}