{"cameraMode":{"drawMode":0,"name":"Shaded","section":"Shading Mode"},"sceneLighting":true,"audioPlay":false,"sceneViewState":{"m_AlwaysRefresh":false,"showFog":true,"showSkybox":true,"showFlares":true,"showImageEffects":true,"showParticleSystems":true,"showVisualEffectGraphs":true,"m_FxEnabled":true},"in2DMode":false,"pivot":{"x":-0.35369372367858889,"y":-0.16408014297485352,"z":0.12424945831298828},"rotation":{"x":-0.17782020568847657,"y":-0.02304840087890625,"z":0.004071025177836418,"w":-0.9838287830352783},"size":4.519481182098389,"orthographic":false}